{
    "loss": 0.21305394172668457,
    "accuracy": 0.9019607901573181
}